symboling,normalized-losses,make,fuel-type,aspiration,num-of-doors,body-style,drive-wheels,engine-location,wheel-base,length,width,height,curb-weight,engine-type,num-of-cylinders,engine-size,fuel-system,bore,stroke,compression-ratio,horsepower,peak-rpm,city-mpg,highway-L/100km,price,city-L/100km,hp-binned
3,122,alfa-romero,gas,std,two,convertible,rwd,front,88.6,0.811148486,0.890277778,48.8,2548,dohc,four,130,mpfi,3.47,2.68,9,111,5000,21,8.703703704,13495,11.19047619,Medium
3,122,alfa-romero,gas,std,two,convertible,rwd,front,88.6,0.811148486,0.890277778,48.8,2548,dohc,four,130,mpfi,3.47,2.68,9,111,5000,21,8.703703704,16500,11.19047619,Medium
1,122,alfa-romero,gas,std,two,hatchback,rwd,front,94.5,0.822681403,0.909722222,52.4,2823,ohcv,six,152,mpfi,2.68,3.47,9,154,5000,19,9.038461538,16500,12.36842105,Medium
2,164,audi,gas,std,four,sedan,fwd,front,99.8,0.848630466,0.919444444,54.3,2337,ohc,four,109,mpfi,3.19,3.4,10,102,5500,24,7.833333333,13950,9.791666667,Medium
2,164,audi,gas,std,four,sedan,4wd,front,99.4,0.848630466,0.922222222,54.3,2824,ohc,five,136,mpfi,3.19,3.4,8,115,5500,18,10.68181818,17450,13.05555556,Medium
2,122,audi,gas,std,two,sedan,fwd,front,99.8,0.851994234,0.920833333,53.1,2507,ohc,five,136,mpfi,3.19,3.4,8.5,110,5500,19,9.4,15250,12.36842105,Medium
1,158,audi,gas,std,four,sedan,fwd,front,105.8,0.925997117,0.991666667,55.7,2844,ohc,five,136,mpfi,3.19,3.4,8.5,110,5500,19,9.4,17710,12.36842105,Medium
1,122,audi,gas,std,four,wagon,fwd,front,105.8,0.925997117,0.991666667,55.7,2954,ohc,five,136,mpfi,3.19,3.4,8.5,110,5500,19,9.4,18920,12.36842105,Medium
1,158,audi,gas,turbo,four,sedan,fwd,front,105.8,0.925997117,0.991666667,55.9,3086,ohc,five,131,mpfi,3.13,3.4,8.3,140,5500,17,11.75,23875,13.82352941,Medium
2,192,bmw,gas,std,two,sedan,rwd,front,101.2,0.849591543,0.9,54.3,2395,ohc,four,108,mpfi,3.5,2.8,8.8,101,5800,23,8.103448276,16430,10.2173913,Low
0,192,bmw,gas,std,four,sedan,rwd,front,101.2,0.849591543,0.9,54.3,2395,ohc,four,108,mpfi,3.5,2.8,8.8,101,5800,23,8.103448276,16925,10.2173913,Low
0,188,bmw,gas,std,two,sedan,rwd,front,101.2,0.849591543,0.9,54.3,2710,ohc,six,164,mpfi,3.31,3.19,9,121,4250,21,8.392857143,20970,11.19047619,Medium
0,188,bmw,gas,std,four,sedan,rwd,front,101.2,0.849591543,0.9,54.3,2765,ohc,six,164,mpfi,3.31,3.19,9,121,4250,21,8.392857143,21105,11.19047619,Medium
1,122,bmw,gas,std,four,sedan,rwd,front,103.5,0.908217203,0.929166667,55.7,3055,ohc,six,164,mpfi,3.31,3.19,9,121,4250,20,9.4,24565,11.75,Medium
0,122,bmw,gas,std,four,sedan,rwd,front,103.5,0.908217203,0.929166667,55.7,3230,ohc,six,209,mpfi,3.62,3.39,8,182,5400,16,10.68181818,30760,14.6875,High
0,122,bmw,gas,std,two,sedan,rwd,front,103.5,0.931283037,0.943055556,53.7,3380,ohc,six,209,mpfi,3.62,3.39,8,182,5400,16,10.68181818,41315,14.6875,High
0,122,bmw,gas,std,four,sedan,rwd,front,110,0.946660259,0.984722222,56.3,3505,ohc,six,209,mpfi,3.62,3.39,8,182,5400,15,11.75,36880,15.66666667,High
2,121,chevrolet,gas,std,two,hatchback,fwd,front,88.4,0.678039404,0.8375,53.2,1488,l,three,61,2bbl,2.91,3.03,9.5,48,5100,47,4.433962264,5151,5,Low
1,98,chevrolet,gas,std,two,hatchback,fwd,front,94.5,0.749159058,0.883333333,52,1874,ohc,four,90,2bbl,3.03,3.11,9.6,70,5400,38,5.465116279,6295,6.184210526,Low
0,81,chevrolet,gas,std,four,sedan,fwd,front,94.5,0.763094666,0.883333333,52,1909,ohc,four,90,2bbl,3.03,3.11,9.6,70,5400,38,5.465116279,6575,6.184210526,Low
1,118,dodge,gas,std,two,hatchback,fwd,front,93.7,0.755886593,0.886111111,50.8,1876,ohc,four,90,2bbl,2.97,3.23,9.41,68,5500,37,5.731707317,5572,6.351351351,Low
1,118,dodge,gas,std,two,hatchback,fwd,front,93.7,0.755886593,0.886111111,50.8,1876,ohc,four,90,2bbl,2.97,3.23,9.4,68,5500,31,6.184210526,6377,7.580645161,Low
1,118,dodge,gas,turbo,two,hatchback,fwd,front,93.7,0.755886593,0.886111111,50.8,2128,ohc,four,98,mpfi,3.03,3.39,7.6,102,5500,24,7.833333333,7957,9.791666667,Medium
1,148,dodge,gas,std,four,hatchback,fwd,front,93.7,0.755886593,0.886111111,50.6,1967,ohc,four,90,2bbl,2.97,3.23,9.4,68,5500,31,6.184210526,6229,7.580645161,Low
1,148,dodge,gas,std,four,sedan,fwd,front,93.7,0.755886593,0.886111111,50.6,1989,ohc,four,90,2bbl,2.97,3.23,9.4,68,5500,31,6.184210526,6692,7.580645161,Low
1,148,dodge,gas,std,four,sedan,fwd,front,93.7,0.755886593,0.886111111,50.6,1989,ohc,four,90,2bbl,2.97,3.23,9.4,68,5500,31,6.184210526,7609,7.580645161,Low
1,148,dodge,gas,turbo,four,sedan,fwd,front,93.7,0.755886593,0.886111111,50.6,2191,ohc,four,98,mpfi,3.03,3.39,7.6,102,5500,24,7.833333333,8558,9.791666667,Medium
-1,110,dodge,gas,std,four,wagon,fwd,front,103.3,0.839019702,0.897222222,59.8,2535,ohc,four,122,2bbl,3.34,3.46,8.5,88,5000,24,7.833333333,8921,9.791666667,Low
3,145,dodge,gas,turbo,two,hatchback,fwd,front,95.9,0.832292167,0.920833333,50.2,2811,ohc,four,156,mfi,3.6,3.9,7,145,5000,19,9.791666667,12964,12.36842105,Medium
2,137,honda,gas,std,two,hatchback,fwd,front,86.6,0.694858241,0.8875,50.8,1713,ohc,four,92,1bbl,2.91,3.41,9.6,58,4800,49,4.351851852,6479,4.795918367,Low
2,137,honda,gas,std,two,hatchback,fwd,front,86.6,0.694858241,0.8875,50.8,1819,ohc,four,92,1bbl,2.91,3.41,9.2,76,6000,31,6.184210526,6855,7.580645161,Low
1,101,honda,gas,std,two,hatchback,fwd,front,93.7,0.720807304,0.888888889,52.6,1837,ohc,four,79,1bbl,2.91,3.07,10.1,60,5500,38,5.595238095,5399,6.184210526,Low
1,101,honda,gas,std,two,hatchback,fwd,front,93.7,0.720807304,0.888888889,52.6,1940,ohc,four,92,1bbl,2.91,3.41,9.2,76,6000,30,6.911764706,6529,7.833333333,Low
1,101,honda,gas,std,two,hatchback,fwd,front,93.7,0.720807304,0.888888889,52.6,1956,ohc,four,92,1bbl,2.91,3.41,9.2,76,6000,30,6.911764706,7129,7.833333333,Low
0,110,honda,gas,std,four,sedan,fwd,front,96.5,0.785199423,0.888888889,54.5,2010,ohc,four,92,1bbl,2.91,3.41,9.2,76,6000,30,6.911764706,7295,7.833333333,Low
0,78,honda,gas,std,four,wagon,fwd,front,96.5,0.754925517,0.8875,58.3,2024,ohc,four,92,1bbl,2.92,3.41,9.2,76,6000,30,6.911764706,7295,7.833333333,Low
0,106,honda,gas,std,two,hatchback,fwd,front,96.5,0.80490149,0.905555556,53.3,2236,ohc,four,110,1bbl,3.15,3.58,9,86,5800,27,7.121212121,7895,8.703703704,Low
0,106,honda,gas,std,two,hatchback,fwd,front,96.5,0.80490149,0.905555556,53.3,2289,ohc,four,110,1bbl,3.15,3.58,9,86,5800,27,7.121212121,9095,8.703703704,Low
0,85,honda,gas,std,four,sedan,fwd,front,96.5,0.842864008,0.905555556,54.1,2304,ohc,four,110,1bbl,3.15,3.58,9,86,5800,27,7.121212121,8845,8.703703704,Low
0,85,honda,gas,std,four,sedan,fwd,front,96.5,0.842864008,0.868055556,54.1,2372,ohc,four,110,1bbl,3.15,3.58,9,86,5800,27,7.121212121,10295,8.703703704,Low
0,85,honda,gas,std,four,sedan,fwd,front,96.5,0.842864008,0.905555556,54.1,2465,ohc,four,110,mpfi,3.15,3.58,9,101,5800,24,8.392857143,12945,9.791666667,Low
1,107,honda,gas,std,two,sedan,fwd,front,96.5,0.812590101,0.916666667,51,2293,ohc,four,110,2bbl,3.15,3.58,9.1,100,5500,25,7.580645161,10345,9.4,Low
0,122,isuzu,gas,std,four,sedan,rwd,front,94.3,0.820278712,0.858333333,53.5,2337,ohc,four,111,2bbl,3.31,3.23,8.5,78,4800,24,8.103448276,6785,9.791666667,Low
2,122,isuzu,gas,std,two,hatchback,rwd,front,96,0.829408938,0.905555556,51.4,2734,ohc,four,119,spfi,3.43,3.23,9.2,90,5000,24,8.103448276,11048,9.791666667,Low
0,145,jaguar,gas,std,four,sedan,rwd,front,113,0.959154253,0.966666667,52.8,4066,dohc,six,258,mpfi,3.63,4.17,8.1,176,4750,15,12.36842105,32250,15.66666667,High
0,122,jaguar,gas,std,four,sedan,rwd,front,113,0.959154253,0.966666667,52.8,4066,dohc,six,258,mpfi,3.63,4.17,8.1,176,4750,15,12.36842105,35550,15.66666667,High
0,122,jaguar,gas,std,two,sedan,rwd,front,102,0.921191735,0.980555556,47.8,3950,ohcv,twelve,326,mpfi,3.54,2.76,11.5,262,5000,13,13.82352941,36000,18.07692308,
1,104,mazda,gas,std,two,hatchback,fwd,front,93.1,0.764536281,0.891666667,54.1,1890,ohc,four,91,2bbl,3.03,3.15,9,68,5000,30,7.580645161,5195,7.833333333,Low
1,104,mazda,gas,std,two,hatchback,fwd,front,93.1,0.764536281,0.891666667,54.1,1900,ohc,four,91,2bbl,3.03,3.15,9,68,5000,31,6.184210526,6095,7.580645161,Low
1,104,mazda,gas,std,two,hatchback,fwd,front,93.1,0.764536281,0.891666667,54.1,1905,ohc,four,91,2bbl,3.03,3.15,9,68,5000,31,6.184210526,6795,7.580645161,Low
1,113,mazda,gas,std,four,sedan,fwd,front,93.1,0.801537722,0.891666667,54.1,1945,ohc,four,91,2bbl,3.03,3.15,9,68,5000,31,6.184210526,6695,7.580645161,Low
1,113,mazda,gas,std,four,sedan,fwd,front,93.1,0.801537722,0.891666667,54.1,1950,ohc,four,91,2bbl,3.08,3.15,9,68,5000,31,6.184210526,7395,7.580645161,Low
3,150,mazda,gas,std,two,hatchback,rwd,front,95.3,0.812109563,0.9125,49.6,2380,rotor,two,70,4bbl,3.329751244,3.255422886,9.4,101,6000,17,10.2173913,10945,13.82352941,Low
3,150,mazda,gas,std,two,hatchback,rwd,front,95.3,0.812109563,0.9125,49.6,2380,rotor,two,70,4bbl,3.329751244,3.255422886,9.4,101,6000,17,10.2173913,11845,13.82352941,Low
3,150,mazda,gas,std,two,hatchback,rwd,front,95.3,0.812109563,0.9125,49.6,2385,rotor,two,70,4bbl,3.329751244,3.255422886,9.4,101,6000,17,10.2173913,13645,13.82352941,Low
3,150,mazda,gas,std,two,hatchback,rwd,front,95.3,0.812109563,0.9125,49.6,2500,rotor,two,80,mpfi,3.329751244,3.255422886,9.4,135,6000,16,10.2173913,15645,14.6875,Medium
1,129,mazda,gas,std,two,hatchback,fwd,front,98.8,0.854396925,0.923611111,53.7,2385,ohc,four,122,2bbl,3.39,3.39,8.6,84,4800,26,7.34375,8845,9.038461538,Low
0,115,mazda,gas,std,four,sedan,fwd,front,98.8,0.854396925,0.923611111,55.5,2410,ohc,four,122,2bbl,3.39,3.39,8.6,84,4800,26,7.34375,8495,9.038461538,Low
1,129,mazda,gas,std,two,hatchback,fwd,front,98.8,0.854396925,0.923611111,53.7,2385,ohc,four,122,2bbl,3.39,3.39,8.6,84,4800,26,7.34375,10595,9.038461538,Low
0,115,mazda,gas,std,four,sedan,fwd,front,98.8,0.854396925,0.923611111,55.5,2410,ohc,four,122,2bbl,3.39,3.39,8.6,84,4800,26,7.34375,10245,9.038461538,Low
0,122,mazda,diesel,std,four,sedan,fwd,front,98.8,0.854396925,0.923611111,55.5,2443,ohc,four,122,idi,3.39,3.39,22.7,64,4650,36,5.595238095,10795,6.527777778,Low
0,115,mazda,gas,std,four,hatchback,fwd,front,98.8,0.854396925,0.923611111,55.5,2425,ohc,four,122,2bbl,3.39,3.39,8.6,84,4800,26,7.34375,11245,9.038461538,Low
0,118,mazda,gas,std,four,sedan,rwd,front,104.9,0.840941855,0.918055556,54.4,2670,ohc,four,140,mpfi,3.76,3.16,8,120,5000,19,8.703703704,18280,12.36842105,Medium
0,122,mazda,diesel,std,four,sedan,rwd,front,104.9,0.840941855,0.918055556,54.4,2700,ohc,four,134,idi,3.43,3.64,22,72,4200,31,6.025641026,18344,7.580645161,Low
-1,93,mercedes-benz,diesel,turbo,four,sedan,rwd,front,110,0.917347429,0.976388889,56.5,3515,ohc,five,183,idi,3.58,3.64,21.5,123,4350,22,9.4,25552,10.68181818,Medium
-1,93,mercedes-benz,diesel,turbo,four,wagon,rwd,front,110,0.917347429,0.976388889,58.7,3750,ohc,five,183,idi,3.58,3.64,21.5,123,4350,22,9.4,28248,10.68181818,Medium
0,93,mercedes-benz,diesel,turbo,two,hardtop,rwd,front,106.7,0.90100913,0.976388889,54.9,3495,ohc,five,183,idi,3.58,3.64,21.5,123,4350,22,9.4,28176,10.68181818,Medium
-1,93,mercedes-benz,diesel,turbo,four,sedan,rwd,front,115.6,0.973570399,0.995833333,56.3,3770,ohc,five,183,idi,3.58,3.64,21.5,123,4350,22,9.4,31600,10.68181818,Medium
-1,122,mercedes-benz,gas,std,four,sedan,rwd,front,115.6,0.973570399,0.995833333,56.5,3740,ohcv,eight,234,mpfi,3.46,3.1,8.3,155,4750,16,13.05555556,34184,14.6875,Medium
3,142,mercedes-benz,gas,std,two,convertible,rwd,front,96.6,0.86641038,0.979166667,50.8,3685,ohcv,eight,234,mpfi,3.46,3.1,8.3,155,4750,16,13.05555556,35056,14.6875,Medium
0,122,mercedes-benz,gas,std,four,sedan,rwd,front,120.9,1,0.995833333,56.7,3900,ohcv,eight,308,mpfi,3.8,3.35,8,184,4500,14,14.6875,40960,16.78571429,High
1,122,mercedes-benz,gas,std,two,hardtop,rwd,front,112,0.9572321,1,55.4,3715,ohcv,eight,304,mpfi,3.8,3.35,8,184,4500,14,14.6875,45400,16.78571429,High
1,122,mercury,gas,turbo,two,hatchback,rwd,front,102.7,0.857280154,0.944444444,54.8,2910,ohc,four,140,mpfi,3.78,3.12,8,175,5000,19,9.791666667,16503,12.36842105,High
2,161,mitsubishi,gas,std,two,hatchback,fwd,front,93.7,0.755886593,0.894444444,50.8,1918,ohc,four,92,2bbl,2.97,3.23,9.4,68,5500,37,5.731707317,5389,6.351351351,Low
2,161,mitsubishi,gas,std,two,hatchback,fwd,front,93.7,0.755886593,0.894444444,50.8,1944,ohc,four,92,2bbl,2.97,3.23,9.4,68,5500,31,6.184210526,6189,7.580645161,Low
2,161,mitsubishi,gas,std,two,hatchback,fwd,front,93.7,0.755886593,0.894444444,50.8,2004,ohc,four,92,2bbl,2.97,3.23,9.4,68,5500,31,6.184210526,6669,7.580645161,Low
1,161,mitsubishi,gas,turbo,two,hatchback,fwd,front,93,0.755886593,0.886111111,50.8,2145,ohc,four,98,spdi,3.03,3.39,7.6,102,5500,24,7.833333333,7689,9.791666667,Medium
3,153,mitsubishi,gas,turbo,two,hatchback,fwd,front,96.3,0.831331091,0.908333333,49.4,2370,ohc,four,110,spdi,3.17,3.46,7.5,116,5500,23,7.833333333,9959,10.2173913,Medium
3,153,mitsubishi,gas,std,two,hatchback,fwd,front,96.3,0.831331091,0.908333333,49.4,2328,ohc,four,122,2bbl,3.35,3.46,8.5,88,5000,25,7.34375,8499,9.4,Low
3,122,mitsubishi,gas,turbo,two,hatchback,fwd,front,95.9,0.832292167,0.920833333,50.2,2833,ohc,four,156,spdi,3.58,3.86,7,145,5000,19,9.791666667,12629,12.36842105,Medium
3,122,mitsubishi,gas,turbo,two,hatchback,fwd,front,95.9,0.832292167,0.920833333,50.2,2921,ohc,four,156,spdi,3.59,3.86,7,145,5000,19,9.791666667,14869,12.36842105,Medium
3,122,mitsubishi,gas,turbo,two,hatchback,fwd,front,95.9,0.832292167,0.920833333,50.2,2926,ohc,four,156,spdi,3.59,3.86,7,145,5000,19,9.791666667,14489,12.36842105,Medium
1,125,mitsubishi,gas,std,four,sedan,fwd,front,96.3,0.828447862,0.908333333,51.6,2365,ohc,four,122,2bbl,3.35,3.46,8.5,88,5000,25,7.34375,6989,9.4,Low
1,125,mitsubishi,gas,std,four,sedan,fwd,front,96.3,0.828447862,0.908333333,51.6,2405,ohc,four,122,2bbl,3.35,3.46,8.5,88,5000,25,7.34375,8189,9.4,Low
1,125,mitsubishi,gas,turbo,four,sedan,fwd,front,96.3,0.828447862,0.908333333,51.6,2403,ohc,four,110,spdi,3.17,3.46,7.5,116,5500,23,7.833333333,9279,10.2173913,Medium
-1,137,mitsubishi,gas,std,four,sedan,fwd,front,96.3,0.828447862,0.908333333,51.6,2403,ohc,four,110,spdi,3.17,3.46,7.5,116,5500,23,7.833333333,9279,10.2173913,Medium
1,128,nissan,gas,std,two,sedan,fwd,front,94.5,0.794329649,0.886111111,54.5,1889,ohc,four,97,2bbl,3.15,3.29,9.4,69,5200,31,6.351351351,5499,7.580645161,Low
1,128,nissan,diesel,std,two,sedan,fwd,front,94.5,0.794329649,0.886111111,54.5,2017,ohc,four,103,idi,2.99,3.47,21.9,55,4800,45,4.7,7099,5.222222222,Low
1,128,nissan,gas,std,two,sedan,fwd,front,94.5,0.794329649,0.886111111,54.5,1918,ohc,four,97,2bbl,3.15,3.29,9.4,69,5200,31,6.351351351,6649,7.580645161,Low
1,122,nissan,gas,std,four,sedan,fwd,front,94.5,0.794329649,0.886111111,54.5,1938,ohc,four,97,2bbl,3.15,3.29,9.4,69,5200,31,6.351351351,6849,7.580645161,Low
1,103,nissan,gas,std,four,wagon,fwd,front,94.5,0.817876021,0.886111111,53.5,2024,ohc,four,97,2bbl,3.15,3.29,9.4,69,5200,31,6.351351351,7349,7.580645161,Low
1,128,nissan,gas,std,two,sedan,fwd,front,94.5,0.794329649,0.886111111,54.5,1951,ohc,four,97,2bbl,3.15,3.29,9.4,69,5200,31,6.351351351,7299,7.580645161,Low
1,128,nissan,gas,std,two,hatchback,fwd,front,94.5,0.795771264,0.886111111,53.3,2028,ohc,four,97,2bbl,3.15,3.29,9.4,69,5200,31,6.351351351,7799,7.580645161,Low
1,122,nissan,gas,std,four,sedan,fwd,front,94.5,0.794329649,0.886111111,54.5,1971,ohc,four,97,2bbl,3.15,3.29,9.4,69,5200,31,6.351351351,7499,7.580645161,Low
1,103,nissan,gas,std,four,wagon,fwd,front,94.5,0.817876021,0.886111111,53.5,2037,ohc,four,97,2bbl,3.15,3.29,9.4,69,5200,31,6.351351351,7999,7.580645161,Low
2,168,nissan,gas,std,two,hardtop,fwd,front,95.1,0.780394041,0.886111111,53.3,2008,ohc,four,97,2bbl,3.15,3.29,9.4,69,5200,31,6.351351351,8249,7.580645161,Low
0,106,nissan,gas,std,four,hatchback,fwd,front,97.2,0.833253244,0.905555556,54.7,2324,ohc,four,120,2bbl,3.33,3.47,8.5,97,5200,27,6.911764706,8949,8.703703704,Low
0,106,nissan,gas,std,four,sedan,fwd,front,97.2,0.833253244,0.905555556,54.7,2302,ohc,four,120,2bbl,3.33,3.47,8.5,97,5200,27,6.911764706,9549,8.703703704,Low
0,128,nissan,gas,std,four,sedan,fwd,front,100.4,0.873137914,0.923611111,55.1,3095,ohcv,six,181,mpfi,3.43,3.27,9,152,5200,17,10.68181818,13499,13.82352941,Medium
0,108,nissan,gas,std,four,wagon,fwd,front,100.4,0.887073522,0.923611111,56.1,3296,ohcv,six,181,mpfi,3.43,3.27,9,152,5200,17,10.68181818,14399,13.82352941,Medium
0,108,nissan,gas,std,four,sedan,fwd,front,100.4,0.887073522,0.923611111,55.1,3060,ohcv,six,181,mpfi,3.43,3.27,9,152,5200,19,9.4,13499,12.36842105,Medium
3,194,nissan,gas,std,two,hatchback,rwd,front,91.3,0.820278712,0.943055556,49.7,3071,ohcv,six,181,mpfi,3.43,3.27,9,160,5200,19,9.4,17199,12.36842105,High
3,194,nissan,gas,turbo,two,hatchback,rwd,front,91.3,0.820278712,0.943055556,49.7,3139,ohcv,six,181,mpfi,3.43,3.27,7.8,200,5200,17,10.2173913,19699,13.82352941,High
1,231,nissan,gas,std,two,hatchback,rwd,front,99.2,0.857760692,0.943055556,49.7,3139,ohcv,six,181,mpfi,3.43,3.27,9,160,5200,19,9.4,18399,12.36842105,High
0,161,peugot,gas,std,four,sedan,rwd,front,107.9,0.897164825,0.95,56.7,3020,l,four,120,mpfi,3.46,3.19,8.4,97,5000,19,9.791666667,11900,12.36842105,Low
0,161,peugot,diesel,turbo,four,sedan,rwd,front,107.9,0.897164825,0.95,56.7,3197,l,four,152,idi,3.7,3.52,21,95,4150,28,7.121212121,13200,8.392857143,Low
0,122,peugot,gas,std,four,wagon,rwd,front,114.2,0.955790485,0.95,58.7,3230,l,four,120,mpfi,3.46,3.19,8.4,97,5000,19,9.791666667,12440,12.36842105,Low
0,122,peugot,diesel,turbo,four,wagon,rwd,front,114.2,0.955790485,0.95,58.7,3430,l,four,152,idi,3.7,3.52,21,95,4150,25,9.4,13860,9.4,Low
0,161,peugot,gas,std,four,sedan,rwd,front,107.9,0.897164825,0.95,56.7,3075,l,four,120,mpfi,3.46,2.19,8.4,95,5000,19,9.791666667,15580,12.36842105,Low
0,161,peugot,diesel,turbo,four,sedan,rwd,front,107.9,0.897164825,0.95,56.7,3252,l,four,152,idi,3.7,3.52,21,95,4150,28,7.121212121,16900,8.392857143,Low
0,122,peugot,gas,std,four,wagon,rwd,front,114.2,0.955790485,0.95,56.7,3285,l,four,120,mpfi,3.46,2.19,8.4,95,5000,19,9.791666667,16695,12.36842105,Low
0,122,peugot,diesel,turbo,four,wagon,rwd,front,114.2,0.955790485,0.95,58.7,3485,l,four,152,idi,3.7,3.52,21,95,4150,25,9.4,17075,9.4,Low
0,161,peugot,gas,std,four,sedan,rwd,front,107.9,0.897164825,0.95,56.7,3075,l,four,120,mpfi,3.46,3.19,8.4,97,5000,19,9.791666667,16630,12.36842105,Low
0,161,peugot,diesel,turbo,four,sedan,rwd,front,107.9,0.897164825,0.95,56.7,3252,l,four,152,idi,3.7,3.52,21,95,4150,28,7.121212121,17950,8.392857143,Low
0,161,peugot,gas,turbo,four,sedan,rwd,front,108,0.897164825,0.948611111,56,3130,l,four,134,mpfi,3.61,3.21,7,142,5600,18,9.791666667,18150,13.05555556,Medium
1,119,plymouth,gas,std,two,hatchback,fwd,front,93.7,0.755886593,0.886111111,50.8,1918,ohc,four,90,2bbl,2.97,3.23,9.4,68,5500,37,5.731707317,5572,6.351351351,Low
1,119,plymouth,gas,turbo,two,hatchback,fwd,front,93.7,0.755886593,0.886111111,50.8,2128,ohc,four,98,spdi,3.03,3.39,7.6,102,5500,24,7.833333333,7957,9.791666667,Medium
1,154,plymouth,gas,std,four,hatchback,fwd,front,93.7,0.755886593,0.886111111,50.6,1967,ohc,four,90,2bbl,2.97,3.23,9.4,68,5500,31,6.184210526,6229,7.580645161,Low
1,154,plymouth,gas,std,four,sedan,fwd,front,93.7,0.803940413,0.886111111,50.8,1989,ohc,four,90,2bbl,2.97,3.23,9.4,68,5500,31,6.184210526,6692,7.580645161,Low
1,154,plymouth,gas,std,four,sedan,fwd,front,93.7,0.803940413,0.886111111,50.8,2191,ohc,four,98,2bbl,2.97,3.23,9.4,68,5500,31,6.184210526,7609,7.580645161,Low
-1,74,plymouth,gas,std,four,wagon,fwd,front,103.3,0.839019702,0.897222222,59.8,2535,ohc,four,122,2bbl,3.35,3.46,8.5,88,5000,24,7.833333333,8921,9.791666667,Low
3,122,plymouth,gas,turbo,two,hatchback,rwd,front,95.9,0.832292167,0.920833333,50.2,2818,ohc,four,156,spdi,3.59,3.86,7,145,5000,19,9.791666667,12764,12.36842105,Medium
3,186,porsche,gas,std,two,hatchback,rwd,front,94.5,0.811629025,0.948611111,50.2,2778,ohc,four,151,mpfi,3.94,3.11,9.5,143,5500,19,8.703703704,22018,12.36842105,Medium
3,122,porsche,gas,std,two,hardtop,rwd,rear,89.5,0.811629025,0.902777778,51.6,2756,ohcf,six,194,mpfi,3.74,2.9,9.5,207,5900,17,9.4,32528,13.82352941,High
3,122,porsche,gas,std,two,hardtop,rwd,rear,89.5,0.811629025,0.902777778,51.6,2756,ohcf,six,194,mpfi,3.74,2.9,9.5,207,5900,17,9.4,34028,13.82352941,High
3,122,porsche,gas,std,two,convertible,rwd,rear,89.5,0.811629025,0.902777778,51.6,2800,ohcf,six,194,mpfi,3.74,2.9,9.5,207,5900,17,9.4,37028,13.82352941,High
0,122,renault,gas,std,four,wagon,fwd,front,96.1,0.872176838,0.923611111,55.2,2579,ohc,four,132,mpfi,3.46,3.9,8.7,104,5125.369458,23,7.580645161,9295,10.2173913,Medium
2,122,renault,gas,std,two,hatchback,fwd,front,96.1,0.849591543,0.925,50.5,2460,ohc,four,132,mpfi,3.46,3.9,8.7,104,5125.369458,23,7.580645161,9895,10.2173913,Medium
3,150,saab,gas,std,two,hatchback,fwd,front,99.1,0.896684286,0.923611111,56.1,2658,ohc,four,121,mpfi,3.54,3.07,9.31,110,5250,21,8.392857143,11850,11.19047619,Medium
2,104,saab,gas,std,four,sedan,fwd,front,99.1,0.896684286,0.923611111,56.1,2695,ohc,four,121,mpfi,3.54,3.07,9.3,110,5250,21,8.392857143,12170,11.19047619,Medium
3,150,saab,gas,std,two,hatchback,fwd,front,99.1,0.896684286,0.923611111,56.1,2707,ohc,four,121,mpfi,2.54,2.07,9.3,110,5250,21,8.392857143,15040,11.19047619,Medium
2,104,saab,gas,std,four,sedan,fwd,front,99.1,0.896684286,0.923611111,56.1,2758,ohc,four,121,mpfi,3.54,3.07,9.3,110,5250,21,8.392857143,15510,11.19047619,Medium
3,150,saab,gas,turbo,two,hatchback,fwd,front,99.1,0.896684286,0.923611111,56.1,2808,dohc,four,121,mpfi,3.54,3.07,9,160,5500,19,9.038461538,18150,12.36842105,High
2,104,saab,gas,turbo,four,sedan,fwd,front,99.1,0.896684286,0.923611111,56.1,2847,dohc,four,121,mpfi,3.54,3.07,9,160,5500,19,9.038461538,18620,12.36842105,High
2,83,subaru,gas,std,two,hatchback,fwd,front,93.7,0.75396444,0.880555556,53.7,2050,ohcf,four,97,2bbl,3.62,2.36,9,69,4900,31,6.527777778,5118,7.580645161,Low
2,83,subaru,gas,std,two,hatchback,fwd,front,93.7,0.758769822,0.883333333,53.7,2120,ohcf,four,108,2bbl,3.62,2.64,8.7,73,4400,26,7.580645161,7053,9.038461538,Low
2,83,subaru,gas,std,two,hatchback,4wd,front,93.3,0.755886593,0.886111111,55.7,2240,ohcf,four,108,2bbl,3.62,2.64,8.7,73,4400,26,7.580645161,7603,9.038461538,Low
0,102,subaru,gas,std,four,sedan,fwd,front,97.2,0.826525709,0.908333333,52.5,2145,ohcf,four,108,2bbl,3.62,2.64,9.5,82,4800,32,6.351351351,7126,7.34375,Low
0,102,subaru,gas,std,four,sedan,fwd,front,97.2,0.826525709,0.908333333,52.5,2190,ohcf,four,108,2bbl,3.62,2.64,9.5,82,4400,28,7.121212121,7775,8.392857143,Low
0,102,subaru,gas,std,four,sedan,fwd,front,97.2,0.826525709,0.908333333,52.5,2340,ohcf,four,108,mpfi,3.62,2.64,9,94,5200,26,7.34375,9960,9.038461538,Low
0,102,subaru,gas,std,four,sedan,4wd,front,97,0.826525709,0.908333333,54.3,2385,ohcf,four,108,2bbl,3.62,2.64,9,82,4800,24,9.4,9233,9.791666667,Low
0,102,subaru,gas,turbo,four,sedan,4wd,front,97,0.826525709,0.908333333,54.3,2510,ohcf,four,108,mpfi,3.62,2.64,7.7,111,4800,24,8.103448276,11259,9.791666667,Medium
0,89,subaru,gas,std,four,wagon,fwd,front,97,0.833733782,0.908333333,53,2290,ohcf,four,108,2bbl,3.62,2.64,9,82,4800,28,7.34375,7463,8.392857143,Low
0,89,subaru,gas,std,four,wagon,fwd,front,97,0.833733782,0.908333333,53,2455,ohcf,four,108,mpfi,3.62,2.64,9,94,5200,25,7.580645161,10198,9.4,Low
0,85,subaru,gas,std,four,wagon,4wd,front,96.9,0.83421432,0.908333333,54.9,2420,ohcf,four,108,2bbl,3.62,2.64,9,82,4800,23,8.103448276,8013,10.2173913,Low
0,85,subaru,gas,turbo,four,wagon,4wd,front,96.9,0.83421432,0.908333333,54.9,2650,ohcf,four,108,mpfi,3.62,2.64,7.7,111,4800,23,10.2173913,11694,10.2173913,Medium
1,87,toyota,gas,std,two,hatchback,fwd,front,95.7,0.762614128,0.883333333,54.5,1985,ohc,four,92,2bbl,3.05,3.03,9,62,4800,35,6.025641026,5348,6.714285714,Low
1,87,toyota,gas,std,two,hatchback,fwd,front,95.7,0.762614128,0.883333333,54.5,2040,ohc,four,92,2bbl,3.05,3.03,9,62,4800,31,6.184210526,6338,7.580645161,Low
1,74,toyota,gas,std,four,hatchback,fwd,front,95.7,0.762614128,0.883333333,54.5,2015,ohc,four,92,2bbl,3.05,3.03,9,62,4800,31,6.184210526,6488,7.580645161,Low
0,77,toyota,gas,std,four,wagon,fwd,front,95.7,0.81547333,0.883333333,59.1,2280,ohc,four,92,2bbl,3.05,3.03,9,62,4800,31,6.351351351,6918,7.580645161,Low
0,81,toyota,gas,std,four,wagon,4wd,front,95.7,0.81547333,0.883333333,59.1,2290,ohc,four,92,2bbl,3.05,3.03,9,62,4800,27,7.34375,7898,8.703703704,Low
0,91,toyota,gas,std,four,wagon,4wd,front,95.7,0.81547333,0.883333333,59.1,3110,ohc,four,92,2bbl,3.05,3.03,9,62,4800,27,7.34375,8778,8.703703704,Low
0,91,toyota,gas,std,four,sedan,fwd,front,95.7,0.799135031,0.894444444,53,2081,ohc,four,98,2bbl,3.19,3.03,9,70,4800,30,6.351351351,6938,7.833333333,Low
0,91,toyota,gas,std,four,hatchback,fwd,front,95.7,0.799135031,0.894444444,52.8,2109,ohc,four,98,2bbl,3.19,3.03,9,70,4800,30,6.351351351,7198,7.833333333,Low
0,91,toyota,diesel,std,four,sedan,fwd,front,95.7,0.799135031,0.894444444,53,2275,ohc,four,110,idi,3.27,3.35,22.5,56,4500,34,6.527777778,7898,6.911764706,Low
0,91,toyota,diesel,std,four,hatchback,fwd,front,95.7,0.799135031,0.894444444,52.8,2275,ohc,four,110,idi,3.27,3.35,22.5,56,4500,38,5,7788,6.184210526,Low
0,91,toyota,gas,std,four,sedan,fwd,front,95.7,0.799135031,0.894444444,53,2094,ohc,four,98,2bbl,3.19,3.03,9,70,4800,38,5,7738,6.184210526,Low
0,91,toyota,gas,std,four,hatchback,fwd,front,95.7,0.799135031,0.894444444,52.8,2122,ohc,four,98,2bbl,3.19,3.03,9,70,4800,28,6.911764706,8358,8.392857143,Low
0,91,toyota,gas,std,four,sedan,fwd,front,95.7,0.799135031,0.894444444,52.8,2140,ohc,four,98,2bbl,3.19,3.03,9,70,4800,28,6.911764706,9258,8.392857143,Low
1,168,toyota,gas,std,two,sedan,rwd,front,94.5,0.810667948,0.888888889,52.6,2169,ohc,four,98,2bbl,3.19,3.03,9,70,4800,29,6.911764706,8058,8.103448276,Low
1,168,toyota,gas,std,two,hatchback,rwd,front,94.5,0.810667948,0.888888889,52.6,2204,ohc,four,98,2bbl,3.19,3.03,9,70,4800,29,6.911764706,8238,8.103448276,Low
1,168,toyota,gas,std,two,sedan,rwd,front,94.5,0.810667948,0.888888889,52.6,2265,dohc,four,98,mpfi,3.24,3.08,9.4,112,6600,26,8.103448276,9298,9.038461538,Medium
1,168,toyota,gas,std,two,hatchback,rwd,front,94.5,0.810667948,0.888888889,52.6,2300,dohc,four,98,mpfi,3.24,3.08,9.4,112,6600,26,8.103448276,9538,9.038461538,Medium
2,134,toyota,gas,std,two,hardtop,rwd,front,98.4,0.846708313,0.911111111,52,2540,ohc,four,146,mpfi,3.62,3.5,9.3,116,4800,24,7.833333333,8449,9.791666667,Medium
2,134,toyota,gas,std,two,hardtop,rwd,front,98.4,0.846708313,0.911111111,52,2536,ohc,four,146,mpfi,3.62,3.5,9.3,116,4800,24,7.833333333,9639,9.791666667,Medium
2,134,toyota,gas,std,two,hatchback,rwd,front,98.4,0.846708313,0.911111111,52,2551,ohc,four,146,mpfi,3.62,3.5,9.3,116,4800,24,7.833333333,9989,9.791666667,Medium
2,134,toyota,gas,std,two,hardtop,rwd,front,98.4,0.846708313,0.911111111,52,2679,ohc,four,146,mpfi,3.62,3.5,9.3,116,4800,24,7.833333333,11199,9.791666667,Medium
2,134,toyota,gas,std,two,hatchback,rwd,front,98.4,0.846708313,0.911111111,52,2714,ohc,four,146,mpfi,3.62,3.5,9.3,116,4800,24,7.833333333,11549,9.791666667,Medium
2,134,toyota,gas,std,two,convertible,rwd,front,98.4,0.846708313,0.911111111,53,2975,ohc,four,146,mpfi,3.62,3.5,9.3,116,4800,24,7.833333333,17669,9.791666667,Medium
-1,65,toyota,gas,std,four,sedan,fwd,front,102.4,0.843825084,0.923611111,54.9,2326,ohc,four,122,mpfi,3.31,3.54,8.7,92,4200,29,6.911764706,8948,8.103448276,Low
-1,65,toyota,diesel,turbo,four,sedan,fwd,front,102.4,0.843825084,0.923611111,54.9,2480,ohc,four,110,idi,3.27,3.35,22.5,73,4500,30,7.121212121,10698,7.833333333,Low
-1,65,toyota,gas,std,four,hatchback,fwd,front,102.4,0.843825084,0.923611111,53.9,2414,ohc,four,122,mpfi,3.31,3.54,8.7,92,4200,27,7.34375,9988,8.703703704,Low
-1,65,toyota,gas,std,four,sedan,fwd,front,102.4,0.843825084,0.923611111,54.9,2414,ohc,four,122,mpfi,3.31,3.54,8.7,92,4200,27,7.34375,10898,8.703703704,Low
-1,65,toyota,gas,std,four,hatchback,fwd,front,102.4,0.843825084,0.923611111,53.9,2458,ohc,four,122,mpfi,3.31,3.54,8.7,92,4200,27,7.34375,11248,8.703703704,Low
3,197,toyota,gas,std,two,hatchback,rwd,front,102.9,0.881787602,0.940277778,52,2976,dohc,six,171,mpfi,3.27,3.35,9.3,161,5200,20,9.791666667,16558,11.75,High
3,197,toyota,gas,std,two,hatchback,rwd,front,102.9,0.881787602,0.940277778,52,3016,dohc,six,171,mpfi,3.27,3.35,9.3,161,5200,19,9.791666667,15998,12.36842105,High
-1,90,toyota,gas,std,four,sedan,rwd,front,104.5,0.902450745,0.923611111,54.1,3131,dohc,six,171,mpfi,3.27,3.35,9.2,156,5200,20,9.791666667,15690,11.75,High
-1,122,toyota,gas,std,four,wagon,rwd,front,104.5,0.902450745,0.923611111,54.1,3151,dohc,six,161,mpfi,3.27,3.35,9.2,156,5200,19,9.791666667,15750,12.36842105,High
2,122,volkswagen,diesel,std,two,sedan,fwd,front,97.3,0.825084094,0.909722222,55.7,2261,ohc,four,97,idi,3.01,3.4,23,52,4800,37,5.108695652,7775,6.351351351,Low
2,122,volkswagen,gas,std,two,sedan,fwd,front,97.3,0.825084094,0.909722222,55.7,2209,ohc,four,109,mpfi,3.19,3.4,9,85,5250,27,6.911764706,7975,8.703703704,Low
2,94,volkswagen,diesel,std,four,sedan,fwd,front,97.3,0.825084094,0.909722222,55.7,2264,ohc,four,97,idi,3.01,3.4,23,52,4800,37,5.108695652,7995,6.351351351,Low
2,94,volkswagen,gas,std,four,sedan,fwd,front,97.3,0.825084094,0.909722222,55.7,2212,ohc,four,109,mpfi,3.19,3.4,9,85,5250,27,6.911764706,8195,8.703703704,Low
2,94,volkswagen,gas,std,four,sedan,fwd,front,97.3,0.825084094,0.909722222,55.7,2275,ohc,four,109,mpfi,3.19,3.4,9,85,5250,27,6.911764706,8495,8.703703704,Low
2,94,volkswagen,diesel,turbo,four,sedan,fwd,front,97.3,0.825084094,0.909722222,55.7,2319,ohc,four,97,idi,3.01,3.4,23,68,4500,37,5.595238095,9495,6.351351351,Low
2,94,volkswagen,gas,std,four,sedan,fwd,front,97.3,0.825084094,0.909722222,55.7,2300,ohc,four,109,mpfi,3.19,3.4,10,100,5500,26,7.34375,9995,9.038461538,Low
3,122,volkswagen,gas,std,two,convertible,fwd,front,94.5,0.765497357,0.891666667,55.6,2254,ohc,four,109,mpfi,3.19,3.4,8.5,90,5500,24,8.103448276,11595,9.791666667,Low
3,256,volkswagen,gas,std,two,hatchback,fwd,front,94.5,0.796251802,0.888888889,51.4,2221,ohc,four,109,mpfi,3.19,3.4,8.5,90,5500,24,8.103448276,9980,9.791666667,Low
0,122,volkswagen,gas,std,four,sedan,fwd,front,100.4,0.865929841,0.929166667,55.1,2661,ohc,five,136,mpfi,3.19,3.4,8.5,110,5500,19,9.791666667,13295,12.36842105,Medium
0,122,volkswagen,diesel,turbo,four,sedan,fwd,front,100.4,0.865929841,0.929166667,55.1,2579,ohc,four,97,idi,3.01,3.4,23,68,4500,33,6.184210526,13845,7.121212121,Low
0,122,volkswagen,gas,std,four,wagon,fwd,front,100.4,0.879865449,0.929166667,55.1,2563,ohc,four,109,mpfi,3.19,3.4,9,88,5500,25,7.580645161,12290,9.4,Low
-2,103,volvo,gas,std,four,sedan,rwd,front,104.3,0.907256127,0.933333333,56.2,2912,ohc,four,141,mpfi,3.78,3.15,9.5,114,5400,23,8.392857143,12940,10.2173913,Medium
-1,74,volvo,gas,std,four,wagon,rwd,front,104.3,0.907256127,0.933333333,57.5,3034,ohc,four,141,mpfi,3.78,3.15,9.5,114,5400,23,8.392857143,13415,10.2173913,Medium
-2,103,volvo,gas,std,four,sedan,rwd,front,104.3,0.907256127,0.933333333,56.2,2935,ohc,four,141,mpfi,3.78,3.15,9.5,114,5400,24,8.392857143,15985,9.791666667,Medium
-1,74,volvo,gas,std,four,wagon,rwd,front,104.3,0.907256127,0.933333333,57.5,3042,ohc,four,141,mpfi,3.78,3.15,9.5,114,5400,24,8.392857143,16515,9.791666667,Medium
-2,103,volvo,gas,turbo,four,sedan,rwd,front,104.3,0.907256127,0.933333333,56.2,3045,ohc,four,130,mpfi,3.62,3.15,7.5,162,5100,17,10.68181818,18420,13.82352941,High
-1,74,volvo,gas,turbo,four,wagon,rwd,front,104.3,0.907256127,0.933333333,57.5,3157,ohc,four,130,mpfi,3.62,3.15,7.5,162,5100,17,10.68181818,18950,13.82352941,High
-1,95,volvo,gas,std,four,sedan,rwd,front,109.1,0.907256127,0.956944444,55.5,2952,ohc,four,141,mpfi,3.78,3.15,9.5,114,5400,23,8.392857143,16845,10.2173913,Medium
-1,95,volvo,gas,turbo,four,sedan,rwd,front,109.1,0.907256127,0.955555556,55.5,3049,ohc,four,141,mpfi,3.78,3.15,8.7,160,5300,19,9.4,19045,12.36842105,High
-1,95,volvo,gas,std,four,sedan,rwd,front,109.1,0.907256127,0.956944444,55.5,3012,ohcv,six,173,mpfi,3.58,2.87,8.8,134,5500,18,10.2173913,21485,13.05555556,Medium
-1,95,volvo,diesel,turbo,four,sedan,rwd,front,109.1,0.907256127,0.956944444,55.5,3217,ohc,six,145,idi,3.01,3.4,23,106,4800,26,8.703703704,22470,9.038461538,Medium
-1,95,volvo,gas,turbo,four,sedan,rwd,front,109.1,0.907256127,0.956944444,55.5,3062,ohc,four,141,mpfi,3.78,3.15,9.5,114,5400,19,9.4,22625,12.36842105,Medium
