{"jobName":"S2T1531151132","accountId":"574716432198","results":{"transcripts":[{"transcript":"The sun does arise and make happy the skies. The merry bells ring to welcome the spring."}],"items":[{"start_time":"0.000","end_time":"0.160","alternatives":[{"confidence":"1.0000","content":"The"}],"type":"pronunciation"},{"start_time":"0.160","end_time":"0.410","alternatives":[{"confidence":"0.8977","content":"sun"}],"type":"pronunciation"},{"start_time":"0.410","end_time":"0.560","alternatives":[{"confidence":"0.9746","content":"does"}],"type":"pronunciation"},{"start_time":"0.560","end_time":"0.910","alternatives":[{"confidence":"0.9948","content":"arise"}],"type":"pronunciation"},{"start_time":"0.910","end_time":"1.040","alternatives":[{"confidence":"1.0000","content":"and"}],"type":"pronunciation"},{"start_time":"1.040","end_time":"1.260","alternatives":[{"confidence":"1.0000","content":"make"}],"type":"pronunciation"},{"start_time":"1.260","end_time":"1.530","alternatives":[{"confidence":"1.0000","content":"happy"}],"type":"pronunciation"},{"start_time":"1.530","end_time":"1.630","alternatives":[{"confidence":"1.0000","content":"the"}],"type":"pronunciation"},{"start_time":"1.630","end_time":"2.190","alternatives":[{"confidence":"0.6924","content":"skies"}],"type":"pronunciation"},{"alternatives":[{"content":"."}],"type":"punctuation"},{"start_time":"2.200","end_time":"2.310","alternatives":[{"confidence":"1.0000","content":"The"}],"type":"pronunciation"},{"start_time":"2.310","end_time":"2.590","alternatives":[{"confidence":"1.0000","content":"merry"}],"type":"pronunciation"},{"start_time":"2.590","end_time":"2.910","alternatives":[{"confidence":"1.0000","content":"bells"}],"type":"pronunciation"},{"start_time":"2.910","end_time":"3.120","alternatives":[{"confidence":"1.0000","content":"ring"}],"type":"pronunciation"},{"start_time":"3.120","end_time":"3.230","alternatives":[{"confidence":"1.0000","content":"to"}],"type":"pronunciation"},{"start_time":"3.230","end_time":"3.640","alternatives":[{"confidence":"1.0000","content":"welcome"}],"type":"pronunciation"},{"start_time":"3.640","end_time":"3.720","alternatives":[{"confidence":"1.0000","content":"the"}],"type":"pronunciation"},{"start_time":"3.720","end_time":"4.210","alternatives":[{"confidence":"1.0000","content":"spring"}],"type":"pronunciation"},{"alternatives":[{"content":"."}],"type":"punctuation"}]},"status":"COMPLETED"}